BEGIN;

INSERT INTO iam.instances (id, instance_key, display_name)
VALUES (
  '11111111-1111-1111-1111-111111111111',
  'seed-instance-default',
  'Seed Instance Default'
)
ON CONFLICT (instance_key) DO UPDATE
SET
  display_name = EXCLUDED.display_name,
  updated_at = NOW();

INSERT INTO iam.organizations (id, instance_id, organization_key, display_name, metadata)
VALUES (
  '22222222-2222-2222-2222-222222222222',
  '11111111-1111-1111-1111-111111111111',
  'seed-org-default',
  'Seed Organization Default',
  '{"seed":true,"version":"v1"}'::jsonb
)
ON CONFLICT (instance_id, organization_key) DO UPDATE
SET
  display_name = EXCLUDED.display_name,
  metadata = EXCLUDED.metadata,
  updated_at = NOW();

INSERT INTO iam.roles (id, instance_id, role_name, description, is_system_role, role_level)
VALUES
  ('30111111-1111-1111-1111-111111111111', '11111111-1111-1111-1111-111111111111', 'system_admin', 'System administration persona', true, 100),
  ('30222222-2222-2222-2222-222222222222', '11111111-1111-1111-1111-111111111111', 'app_manager', 'Application management persona', true, 80),
  ('30333333-3333-3333-3333-333333333333', '11111111-1111-1111-1111-111111111111', 'feature-manager', 'Feature management persona', true, 60),
  ('30444444-4444-4444-4444-444444444444', '11111111-1111-1111-1111-111111111111', 'interface-manager', 'Interface management persona', true, 50),
  ('30555555-5555-5555-5555-555555555555', '11111111-1111-1111-1111-111111111111', 'designer', 'Design persona', true, 40),
  ('30666666-6666-6666-6666-666666666666', '11111111-1111-1111-1111-111111111111', 'editor', 'Editorial persona', true, 30),
  ('30777777-7777-7777-7777-777777777777', '11111111-1111-1111-1111-111111111111', 'moderator', 'Moderation persona', true, 35)
ON CONFLICT (instance_id, role_name) DO UPDATE
SET
  description = EXCLUDED.description,
  is_system_role = EXCLUDED.is_system_role,
  role_level = EXCLUDED.role_level,
  updated_at = NOW();

INSERT INTO iam.permissions (id, instance_id, permission_key, description)
VALUES
  ('40111111-1111-1111-1111-111111111111', '11111111-1111-1111-1111-111111111111', 'iam.user.read', 'Read account data'),
  ('40111111-1111-1111-1111-111111111112', '11111111-1111-1111-1111-111111111111', 'iam.user.write', 'Modify account data'),
  ('40111111-1111-1111-1111-111111111113', '11111111-1111-1111-1111-111111111111', 'iam.role.read', 'Read role assignments'),
  ('40111111-1111-1111-1111-111111111114', '11111111-1111-1111-1111-111111111111', 'iam.role.write', 'Modify role assignments'),
  ('40111111-1111-1111-1111-111111111115', '11111111-1111-1111-1111-111111111111', 'iam.org.read', 'Read organization data'),
  ('40111111-1111-1111-1111-111111111116', '11111111-1111-1111-1111-111111111111', 'iam.org.write', 'Modify organization data'),
  ('40111111-1111-1111-1111-111111111117', '11111111-1111-1111-1111-111111111111', 'content.read', 'Read content'),
  ('40111111-1111-1111-1111-111111111118', '11111111-1111-1111-1111-111111111111', 'content.create', 'Create content'),
  ('40111111-1111-1111-1111-111111111119', '11111111-1111-1111-1111-111111111111', 'content.update', 'Update content'),
  ('40111111-1111-1111-1111-111111111120', '11111111-1111-1111-1111-111111111111', 'content.publish', 'Publish content'),
  ('40111111-1111-1111-1111-111111111121', '11111111-1111-1111-1111-111111111111', 'content.moderate', 'Moderate content'),
  ('40111111-1111-1111-1111-111111111122', '11111111-1111-1111-1111-111111111111', 'integration.manage', 'Manage integrations'),
  ('40111111-1111-1111-1111-111111111123', '11111111-1111-1111-1111-111111111111', 'feature.toggle', 'Toggle feature flags')
ON CONFLICT (instance_id, permission_key) DO UPDATE
SET
  description = EXCLUDED.description,
  updated_at = NOW();

INSERT INTO iam.accounts (id, instance_id, keycloak_subject, email_ciphertext, display_name_ciphertext)
VALUES
  ('50111111-1111-1111-1111-111111111111', '11111111-1111-1111-1111-111111111111', 'seed:system_admin', 'enc:v1:seed:2Br4L9r7mA:89azg6De9W2xgh9ZWMDg7Q:6ZkQz-ljCq8', 'enc:v1:seed:r76A9cbcvQ:F6GQjC-KsZdU6kgb4fX6RQ:Wr8vP9mS7hY'),
  ('50222222-2222-2222-2222-222222222222', '11111111-1111-1111-1111-111111111111', 'seed:app_manager', 'enc:v1:seed:Y2W6W_Q6YA:4IbeUqS5iZgRyj8wud1dnQ:BK4U5GJp2xM', 'enc:v1:seed:8uoN0kRw1A:3FSkP2_Pfc7RK2Y9CB_q5Q:h-ZwYFhN0q8'),
  ('50333333-3333-3333-3333-333333333333', '11111111-1111-1111-1111-111111111111', 'seed:feature_manager', 'enc:v1:seed:4N10D5lGmA:8u6j2qXxmnLr8XHnQw5H7w:G4KfA9iWv0o', 'enc:v1:seed:aXh5YpP9mQ:1d8W5v4u0QvXfBY3M2e0nA:T2hPn6Kx4Rc'),
  ('50444444-4444-4444-4444-444444444444', '11111111-1111-1111-1111-111111111111', 'seed:interface_manager', 'enc:v1:seed:9bH6fVv8xQ:5vxw8QjC2LrYAfj9QJ8R6w:hD6mQs1v9Nk', 'enc:v1:seed:H2n7bLx4kA:6gq3j8G2p8QYk6M8rA1N6g:R7kL0jU2nQw'),
  ('50555555-5555-5555-5555-555555555555', '11111111-1111-1111-1111-111111111111', 'seed:designer', 'enc:v1:seed:V4k9rMz0pA:9D8m4W2nV7qQf1eR6yU2dA:K6hPa9sV3wQ', 'enc:v1:seed:uM0w7Xn2cA:2f8N6d3Qv9sK1aP4rT7yBg:B9mPq2hV6xW'),
  ('50666666-6666-6666-6666-666666666666', '11111111-1111-1111-1111-111111111111', 'seed:editor', 'enc:v1:seed:G1y8nVb6qA:3r6M9d2Pq8wV4cT1mK7xJQ:L5pQw8nZ2vR', 'enc:v1:seed:mQ9k7Bv2dA:7t1P4nW8rQ6yV3fM9xJ2cQ:N4sLh7kP1wR'),
  ('50777777-7777-7777-7777-777777777777', '11111111-1111-1111-1111-111111111111', 'seed:moderator', 'enc:v1:seed:T8m4cN1vQw:8a2K5qP9rW3nX6dM1jF7yA:Q7wP2nK6vXs', 'enc:v1:seed:zR3n8Vq5mA:5y9J2kF6pQ4tW1dN8xM3rQ:P2hVk9mQ4wX')
ON CONFLICT (keycloak_subject, instance_id) WHERE instance_id IS NOT NULL DO UPDATE
SET
  email_ciphertext = EXCLUDED.email_ciphertext,
  display_name_ciphertext = EXCLUDED.display_name_ciphertext,
  updated_at = NOW();

INSERT INTO iam.instance_memberships (instance_id, account_id, membership_type)
VALUES
  ('11111111-1111-1111-1111-111111111111', '50111111-1111-1111-1111-111111111111', 'member'),
  ('11111111-1111-1111-1111-111111111111', '50222222-2222-2222-2222-222222222222', 'member'),
  ('11111111-1111-1111-1111-111111111111', '50333333-3333-3333-3333-333333333333', 'member'),
  ('11111111-1111-1111-1111-111111111111', '50444444-4444-4444-4444-444444444444', 'member'),
  ('11111111-1111-1111-1111-111111111111', '50555555-5555-5555-5555-555555555555', 'member'),
  ('11111111-1111-1111-1111-111111111111', '50666666-6666-6666-6666-666666666666', 'member'),
  ('11111111-1111-1111-1111-111111111111', '50777777-7777-7777-7777-777777777777', 'member')
ON CONFLICT (instance_id, account_id) DO UPDATE
SET
  membership_type = EXCLUDED.membership_type;

INSERT INTO iam.account_roles (instance_id, account_id, role_id)
VALUES
  ('11111111-1111-1111-1111-111111111111', '50111111-1111-1111-1111-111111111111', '30111111-1111-1111-1111-111111111111'),
  ('11111111-1111-1111-1111-111111111111', '50222222-2222-2222-2222-222222222222', '30222222-2222-2222-2222-222222222222'),
  ('11111111-1111-1111-1111-111111111111', '50333333-3333-3333-3333-333333333333', '30333333-3333-3333-3333-333333333333'),
  ('11111111-1111-1111-1111-111111111111', '50444444-4444-4444-4444-444444444444', '30444444-4444-4444-4444-444444444444'),
  ('11111111-1111-1111-1111-111111111111', '50555555-5555-5555-5555-555555555555', '30555555-5555-5555-5555-555555555555'),
  ('11111111-1111-1111-1111-111111111111', '50666666-6666-6666-6666-666666666666', '30666666-6666-6666-6666-666666666666'),
  ('11111111-1111-1111-1111-111111111111', '50777777-7777-7777-7777-777777777777', '30777777-7777-7777-7777-777777777777')
ON CONFLICT (instance_id, account_id, role_id) DO NOTHING;

INSERT INTO iam.account_organizations (instance_id, account_id, organization_id)
VALUES
  ('11111111-1111-1111-1111-111111111111', '50111111-1111-1111-1111-111111111111', '22222222-2222-2222-2222-222222222222'),
  ('11111111-1111-1111-1111-111111111111', '50222222-2222-2222-2222-222222222222', '22222222-2222-2222-2222-222222222222'),
  ('11111111-1111-1111-1111-111111111111', '50333333-3333-3333-3333-333333333333', '22222222-2222-2222-2222-222222222222'),
  ('11111111-1111-1111-1111-111111111111', '50444444-4444-4444-4444-444444444444', '22222222-2222-2222-2222-222222222222'),
  ('11111111-1111-1111-1111-111111111111', '50555555-5555-5555-5555-555555555555', '22222222-2222-2222-2222-222222222222'),
  ('11111111-1111-1111-1111-111111111111', '50666666-6666-6666-6666-666666666666', '22222222-2222-2222-2222-222222222222'),
  ('11111111-1111-1111-1111-111111111111', '50777777-7777-7777-7777-777777777777', '22222222-2222-2222-2222-222222222222')
ON CONFLICT (instance_id, account_id, organization_id) DO NOTHING;

INSERT INTO iam.role_permissions (instance_id, role_id, permission_id)
VALUES
  -- system-admin
  ('11111111-1111-1111-1111-111111111111', '30111111-1111-1111-1111-111111111111', '40111111-1111-1111-1111-111111111111'),
  ('11111111-1111-1111-1111-111111111111', '30111111-1111-1111-1111-111111111111', '40111111-1111-1111-1111-111111111112'),
  ('11111111-1111-1111-1111-111111111111', '30111111-1111-1111-1111-111111111111', '40111111-1111-1111-1111-111111111113'),
  ('11111111-1111-1111-1111-111111111111', '30111111-1111-1111-1111-111111111111', '40111111-1111-1111-1111-111111111114'),
  ('11111111-1111-1111-1111-111111111111', '30111111-1111-1111-1111-111111111111', '40111111-1111-1111-1111-111111111115'),
  ('11111111-1111-1111-1111-111111111111', '30111111-1111-1111-1111-111111111111', '40111111-1111-1111-1111-111111111116'),
  ('11111111-1111-1111-1111-111111111111', '30111111-1111-1111-1111-111111111111', '40111111-1111-1111-1111-111111111117'),
  ('11111111-1111-1111-1111-111111111111', '30111111-1111-1111-1111-111111111111', '40111111-1111-1111-1111-111111111118'),
  ('11111111-1111-1111-1111-111111111111', '30111111-1111-1111-1111-111111111111', '40111111-1111-1111-1111-111111111119'),
  ('11111111-1111-1111-1111-111111111111', '30111111-1111-1111-1111-111111111111', '40111111-1111-1111-1111-111111111120'),
  ('11111111-1111-1111-1111-111111111111', '30111111-1111-1111-1111-111111111111', '40111111-1111-1111-1111-111111111121'),
  ('11111111-1111-1111-1111-111111111111', '30111111-1111-1111-1111-111111111111', '40111111-1111-1111-1111-111111111122'),
  ('11111111-1111-1111-1111-111111111111', '30111111-1111-1111-1111-111111111111', '40111111-1111-1111-1111-111111111123'),
  -- app-manager
  ('11111111-1111-1111-1111-111111111111', '30222222-2222-2222-2222-222222222222', '40111111-1111-1111-1111-111111111111'),
  ('11111111-1111-1111-1111-111111111111', '30222222-2222-2222-2222-222222222222', '40111111-1111-1111-1111-111111111112'),
  ('11111111-1111-1111-1111-111111111111', '30222222-2222-2222-2222-222222222222', '40111111-1111-1111-1111-111111111115'),
  ('11111111-1111-1111-1111-111111111111', '30222222-2222-2222-2222-222222222222', '40111111-1111-1111-1111-111111111116'),
  ('11111111-1111-1111-1111-111111111111', '30222222-2222-2222-2222-222222222222', '40111111-1111-1111-1111-111111111117'),
  ('11111111-1111-1111-1111-111111111111', '30222222-2222-2222-2222-222222222222', '40111111-1111-1111-1111-111111111123'),
  -- feature-manager
  ('11111111-1111-1111-1111-111111111111', '30333333-3333-3333-3333-333333333333', '40111111-1111-1111-1111-111111111117'),
  ('11111111-1111-1111-1111-111111111111', '30333333-3333-3333-3333-333333333333', '40111111-1111-1111-1111-111111111119'),
  ('11111111-1111-1111-1111-111111111111', '30333333-3333-3333-3333-333333333333', '40111111-1111-1111-1111-111111111123'),
  -- interface-manager
  ('11111111-1111-1111-1111-111111111111', '30444444-4444-4444-4444-444444444444', '40111111-1111-1111-1111-111111111115'),
  ('11111111-1111-1111-1111-111111111111', '30444444-4444-4444-4444-444444444444', '40111111-1111-1111-1111-111111111117'),
  ('11111111-1111-1111-1111-111111111111', '30444444-4444-4444-4444-444444444444', '40111111-1111-1111-1111-111111111122'),
  -- designer
  ('11111111-1111-1111-1111-111111111111', '30555555-5555-5555-5555-555555555555', '40111111-1111-1111-1111-111111111117'),
  ('11111111-1111-1111-1111-111111111111', '30555555-5555-5555-5555-555555555555', '40111111-1111-1111-1111-111111111119'),
  -- editor
  ('11111111-1111-1111-1111-111111111111', '30666666-6666-6666-6666-666666666666', '40111111-1111-1111-1111-111111111117'),
  ('11111111-1111-1111-1111-111111111111', '30666666-6666-6666-6666-666666666666', '40111111-1111-1111-1111-111111111118'),
  ('11111111-1111-1111-1111-111111111111', '30666666-6666-6666-6666-666666666666', '40111111-1111-1111-1111-111111111119'),
  -- moderator
  ('11111111-1111-1111-1111-111111111111', '30777777-7777-7777-7777-777777777777', '40111111-1111-1111-1111-111111111117'),
  ('11111111-1111-1111-1111-111111111111', '30777777-7777-7777-7777-777777777777', '40111111-1111-1111-1111-111111111120'),
  ('11111111-1111-1111-1111-111111111111', '30777777-7777-7777-7777-777777777777', '40111111-1111-1111-1111-111111111121')
ON CONFLICT (instance_id, role_id, permission_id) DO NOTHING;

COMMIT;
